108/1,103/3,104/7
HF24622809,KX76086690,HF24622192
GV24033705,HK48601692,GF24053695
GR14719505,HE17173615,GR14719495
GS01234567,GY34225733,GS01234567
GS01234568,GN00501503,GS01234568
GS01234569,GR30749798,GR30749798
GS01234570,GR30749799,GR30749799
GS01234571,GR30749800,GR30749800
GS01234572,GR30749801,GR30749801
GS01234573,GR30749802,GR30749802
GS01234574,GR30749803,GR30749803
GS01234575,GR30749804,GR30749804
GS01234576,GR30749805,GR30749805
GS01234577,GR30749806,GR30749806
GS01234578,GR30749807,GR30749807
GS01234579,GR30749808,GR30749808
GS01234580,GR30749809,GR30749809
GS01234581,GR30749810,GR30749810
GS01234582,GR30749811,GR30749811
GS01234583,GR30749812,GR30749812
GS01234584,GR30749813,GR30749813
GS01234585,GR30749814,GR30749814
GS01234586,GR30749815,GR30749815
GS01234587,GR30749816,GR30749816
GS01234588,GR30749817,GR30749817
GS01234589,GR30749818,GR30749818
GS01234590,GR30749819,GR30749819
GS01234591,GR30749820,GR30749820
GS01234592,GR30749821,GR30749821
GS01234593,GR30749822,GR30749822
GS01234594,GR30749823,GR30749823
GS01234595,GR30749824,GR30749824
GS01234596,GR30749825,GR30749825
GS01234597,GR30749826,GR30749826
GS01234598,GR30749827,GR30749827
GS01234599,GR30749828,GR30749828
GS01234600,GR30749829,GR30749829
GS01234601,GR30749830,GR30749830
GS01234602,GR30749831,GR30749831
GS01234603,GR30749832,GR30749832
GS01234604,GR30749833,GR30749833
GS01234605,GR30749834,GR30749834
GS01234606,GR30749835,GR30749835
GS01234607,GR30749836,GR30749836
GS01234608,GR30749837,GR30749837
GS01234609,GR30749838,GR30749838
GS01234610,GR30749839,GR30749839
GS01234611,GR30749840,GV24033695
GS01234612,GR30749841,GR30749841
GS01234613,GR30749842,GR30749842
GS01234614,GR30749843,GR30749843
GS01234615,GR30749844,GR30749844
GS01234616,GR30749845,GR30749845
GS01234617,GR30749846,GR30749846
GS01234618,GR30749847,GR30749847
GS01234619,GR30749848,GR30749848
GS01234620,GR30749849,GR30749849
GS01234621,GR30749850,GR30749850
GS01234622,GR30749851,GR30749851
GS01234623,GR30749852,GR30749852
GS01234624,GR30749853,GR30749853
GS01234625,GR30749854,GR30749854
GS01234626,GR30749855,GR30749855
GS01234627,GR30749856,GR30749856
GS01234628,GR30749857,GR30749857
GS01234629,GR30749858,GR30749858
GS01234630,GR30749859,GR30749859
GS01234631,GR30749860,GR30749860
GS01234632,GR30749861,GR30749861
GS01234633,GR30749862,GR30749862
GS01234634,GR30749863,GR30749863
GS01234635,GR30749864,GR30749864
GS01234636,GR30749865,GR30749865
GS01234637,GR30749866,GR30749866
GS01234638,GR30749867,GR30749867
GS01234639,GR30749868,GR30749868
GS01234640,GR30749869,GR30749869
GS01234641,GR30749870,GR30749870
GS01234642,GR30749871,GR30749871
GS01234643,GR30749872,GR30749872
GS01234644,GR30749873,GR30749873
GS01234645,GR30749874,GR30749874
GS01234646,GR30749875,GR30749875
GS01234647,GR30749876,GR30749876
GS01234648,GR30749877,GR30749877
GS01234649,GR30749878,GR30749878
GS01234650,GR30749879,GR30749879
GS01234651,GR30749880,GR30749880
GS01234652,GR30749881,GR30749881
GS01234653,GR30749882,GR30749882
GS01234654,GR30749883,GR30749883
GS01234655,GR30749884,GR30749884
GS01234656,GR30749885,GR30749885
GS01234657,GR30749886,GR30749886
GS01234658,GR30749887,GR30749887
GS01234659,GR30749888,GR30749888
GS01234660,GR30749889,GR30749889
GS01234661,GR30749890,GR30749890
GS01234662,GR30749891,GR30749891
